SubjectId,Description
1,Maths - 0 - Data and Statistics - 1 - Data Representation - 2 - Scatter Diagram - 3 
2,Maths - 0 - Geometry and Measure - 1 - Pythagoras - 2 - 2D Pythagoras - 3 
3,Maths - 0 - Geometry and Measure - 1 - Angles - 2 - Angles in Triangles - 3 
4,Maths - 0 - Geometry and Measure - 1 - Circles - 2 - Circumference - 3 
5,"Maths - 0 - Geometry and Measure - 1 - Angles - 2 - Basic Angle Facts (straight line, opposite, around a point, etc) - 3 "
6,Maths - 0 - Algebra - 1 - Formula - 2 - Substitution into Formula - 3 
7,Maths - 0 - Number - 1 - Rounding and Estimating - 2 - Rounding to Decimal Places - 3 
8,Maths - 0 - Algebra - 1 - Writing and Simplifying Expressions - 2 - Writing Expressions - 3 
9,Maths - 0 - Geometry and Measure - 1 - Circles - 2 - Parts of a Circle - 3 
10,Maths - 0 - Algebra - 1 - Writing and Simplifying Expressions - 2 - Simplifying Expressions by Collecting Like Terms - 3 
11,Maths - 0 - Data and Statistics - 1 - Data Representation - 2 - Box Plots - 3 
12,Maths - 0 - Number - 1 - Rounding and Estimating - 2 - Upper and Lower Bounds - 3 
13,Maths - 0 - Algebra - 1 - Expanding Brackets - 2 - Expanding Double Brackets - 3 
14,Maths - 0 - Algebra - 1 - Factorising - 2 - Factorising into a Single Bracket - 3 
15,Maths - 0 - Algebra - 1 - Writing and Simplifying Expressions - 2 - Multiplying Terms - 3 - Dividing Terms - 3 
16,Maths - 0 - Geometry and Measure - 1 - Circles - 2 - Area of a Circle - 3 
17,Maths - 0 - Algebra - 1 - Writing and Simplifying Expressions - 2 - Dividing Terms - 3 
18,Maths - 0 - Algebra - 1 - Writing and Simplifying Expressions - 2 - Writing Expressions - 3 - Multiplying Terms - 3 
19,Maths - 0 - Number - 1 - Rounding and Estimating - 2 - Rounding to Significant Figures - 3 
20,Maths - 0 - Data and Statistics - 1 - Data Collection - 2 - Types of Data and Questionnaires - 3 
21,"Maths - 0 - Geometry and Measure - 1 - Angles - 2 - Basic Angle Facts (straight line, opposite, around a point, etc) - 3 - Angles in Triangles - 3 "
22,Maths - 0 - Data and Statistics - 1 - Data Collection - 2 - Data Collection-Others - 3 
23,Maths - 0 - Data and Statistics - 1 - Data Processing - 2 - Averages and Range from Grouped Data - 3 
24,Maths - 0 - Algebra - 1 - Expanding Brackets - 2 - Expanding Single Brackets - 3 
25,Maths - 0 - Data and Statistics - 1 - Data Representation - 2 - Pictogram - 3 
26,Maths - 0 - Geometry and Measure - 1 - 3D Shapes - 2 - Nets - 3 
27,Maths - 0 - Number - 1 - Decimals - 2 - Multiplying and Dividing with Decimals - 3 
28,Maths - 0 - Number - 1 - Percentages - 2 - Percentage Increase and Decrease - 3 
29,"Maths - 0 - Number - 1 - Factors, Multiples and Primes - 2 - Prime Numbers and Prime Factors - 3 "
30,Maths - 0 - Number - 1 - Decimals - 2 - Ordering Decimals - 3 
31,Maths - 0 - Number - 1 - Decimals - 2 - Negative Numbers - 2 - Basic Arithmetic - 2 - Place Value - 3 - Ordering Negative Numbers - 3 - Ordering Decimals - 3 
32,Maths - 0 - Number - 1 - Basic Arithmetic - 2 - Written Multiplication - 3 
33,Maths - 0 - Number - 1 - Negative Numbers - 2 - Adding and Subtracting Negative Numbers - 3 
34,Maths - 0 - Algebra - 1 - Sequences - 2 - Other Sequences - 3 
35,Maths - 0 - Algebra - 1 - Sequences - 2 - Linear Sequences (nth term) - 3 
36,Maths - 0 - Algebra - 1 - Co-ordinates - 2 - Midpoint Between Two Co-ordinates - 3 
37,Maths - 0 - Data and Statistics - 1 - Probability - 2 - Probability of Single Events - 3 
38,Maths - 0 - Number - 1 - Fractions - 2 - Multiplying Fractions - 3 
39,"Maths - 0 - Number - 1 - Indices, Powers and Roots - 2 - Square Roots, Cube Roots, etc - 3 "
40,Maths - 0 - Number - 1 - Fractions - 2 - Ordering Fractions - 3 
41,Maths - 0 - Number - 1 - Fractions - 2 - Fractions of an Amount - 3 
42,Maths - 0 - Algebra - 1 - Straight Line Graphs - 2 - Plotting Lines from Tables of Values - 3 
43,Maths - 0 - Number - 1 - Percentages - 2 - Percentages of an Amount - 3 - Percentage Increase and Decrease - 3 
44,Maths - 0 - Number - 1 - Percentages - 2 - Percentages of an Amount - 3 
45,Maths - 0 - Geometry and Measure - 1 - Perimeter and Area - 2 - Area of Simple Shapes - 3 
46,"Maths - 0 - Number - 1 - Fractions, Decimals and Percentage Equivalence - 2 - Converting between Fractions and Decimals - 3 - Converting between Fractions and Percentages - 3 - Converting between Decimals and Percentages - 3 "
47,Maths - 0 - Algebra - 1 - Straight Line Graphs - 2 - Co-ordinates - 2 - Finding the Equation of a Line - 3 - Gradient Between Two Co-ordinates - 3 
48,Maths - 0 - Algebra - 1 - Quadratic Graphs - 2 - Plotting Quadratics from Tables of Values - 3 
49,Maths - 0 - Number - 1 - Negative Numbers - 2 - Ordering Negative Numbers - 3 
50,Maths - 0 - Data and Statistics - 1 - Probability - 2 - Tree Diagrams with Independent Events - 3 
51,"Maths - 0 - Number - 1 - Fractions, Decimals and Percentage Equivalence - 2 - Converting between Fractions and Decimals - 3 "
52,Maths - 0 - Algebra - 1 - Inequalities - 2 - Solving Linear Inequalities - 3 
53,"Maths - 0 - Number - 1 - Indices, Powers and Roots - 2 - Squares, Cubes, etc - 3 "
54,Maths - 0 - Number - 1 - Money - 2 - Currency Conversions - 3 
55,Maths - 0 - Geometry and Measure - 1 - Circles - 2 - Sectors of a Circle - 3 
56,Maths - 0 - Data and Statistics - 1 - Probability - 2 - Tree Diagrams with Dependent Events - 3 
57,Maths - 0 - Number - 1 - Fractions - 2 - Converting Mixed Number and Improper Fractions - 3 
58,Maths - 0 - Number - 1 - Fractions - 2 - Adding and Subtracting Fractions - 3 
59,Maths - 0 - Number - 1 - Basic Arithmetic - 2 - Place Value - 3 
60,Maths - 0 - Number - 1 - Basic Arithmetic - 2 - BIDMAS - 3 
61,"Maths - 0 - Number - 1 - Indices, Powers and Roots - 2 - Standard Form - 3 "
62,Maths - 0 - Number - 1 - Negative Numbers - 2 - Multiplying and Dividing Negative Numbers - 3 
63,"Maths - 0 - Number - 1 - Factors, Multiples and Primes - 2 - Multiples and Lowest Common Multiple - 3 "
64,Maths - 0 - Number - 1 - Basic Arithmetic - 2 - Mental Multiplication and Division - 3 
65,Maths - 0 - Algebra - 1 - Formula - 2 - Rearranging Formula and Equations - 3 
66,Maths - 0 - Geometry and Measure - 1 - 3D Shapes - 2 - Plans and Elevations - 3 
67,Maths - 0 - Algebra - 1 - Solving Equations - 2 - Linear Equations - 3 
68,Maths - 0 - Geometry and Measure - 1 - Perimeter and Area - 2 - Compound Area - 3 
69,"Maths - 0 - Number - 1 - Fractions, Decimals and Percentage Equivalence - 2 - Converting between Fractions and Percentages - 3 "
70,"Maths - 0 - Number - 1 - Fractions, Decimals and Percentage Equivalence - 2 - Converting between Fractions and Decimals - 3 - Converting between Decimals and Percentages - 3 "
71,Maths - 0 - Algebra - 1 - Inequalities - 2 - Inequalities on Number Lines - 3 
72,Maths - 0 - Algebra - 1 - Quadratic Graphs - 2 - Sketching from Factorised Form - 3 
73,Maths - 0 - Data and Statistics - 1 - Probability - 2 - Combined Events - 3 
74,"Maths - 0 - Number - 1 - Indices, Powers and Roots - 2 - Laws of Indices - 3 "
75,Maths - 0 - Algebra - 1 - Quadratic Graphs - 2 - Graphical Solution of Quadratic Equations - 3 
76,Maths - 0 - Geometry and Measure - 1 - Perimeter and Area - 2 - Perimeter - 3 
77,Maths - 0 - Geometry and Measure - 1 - Transformations - 2 - Rotation - 3 
78,Maths - 0 - Number - 1 - Proportion - 2 - Direct Proportion - 3 
79,Maths - 0 - Geometry and Measure - 1 - Angles - 2 - Angle Facts with Parallel Lines - 3 
80,"Maths - 0 - Number - 1 - Fractions, Decimals and Percentage Equivalence - 2 - Converting between Fractions and Percentages - 3 - Converting between Decimals and Percentages - 3 "
81,"Maths - 0 - Number - 1 - Factors, Multiples and Primes - 2 - Factors and Highest Common Factor - 3 "
82,Maths - 0 - Number - 1 - Fractions - 2 - Simplifying Fractions - 3 
83,"Maths - 0 - Data and Statistics - 1 - Data Processing - 2 - Averages (mean, median, mode) from a List of Data - 3 "
84,Maths - 0 - Number - 1 - Ratio - 2 - Sharing in a Ratio - 3 
85,Maths - 0 - Algebra - 1 - Straight Line Graphs - 2 - Finding the Gradient and Intercept of a Line from the Equation - 3 
86,"Maths - 0 - Geometry and Measure - 1 - Compound Measures - 2 - Speed, Distance, Time - 3 "
87,Maths - 0 - Number - 1 - Ratio - 2 - Simplifying and Equivalent Ratios - 3 
88,Maths - 0 - Geometry and Measure - 1 - 2D Names and Properties of Shapes - 2 - Properties of Quadrilaterals - 3 
89,Maths - 0 - Algebra - 1 - Co-ordinates - 2 - Distance Between Two Co-ordinates - 3 
90,"Maths - 0 - Number - 1 - Fractions, Decimals and Percentage Equivalence - 2 - Converting between Fractions and Decimals - 3 - Converting between Fractions and Percentages - 3 "
91,Maths - 0 - Number - 1 - Fractions - 2 - Equivalent Fractions - 3 
92,Maths - 0 - Geometry and Measure - 1 - Transformations - 2 - Enlargement - 3 
93,Maths - 0 - Number - 1 - Basic Arithmetic - 2 - Mental Addition and Subtraction - 3 - Mental Multiplication and Division - 3 
94,Maths - 0 - Algebra - 1 - Straight Line Graphs - 2 - Finding the Gradient and Intercept of a Line from the Equation - 3 - Parallel Lines - 3 
95,Maths - 0 - Geometry and Measure - 1 - Units of Measurement - 2 - Volume and Capacity Units - 3 
96,"Maths - 0 - Number - 1 - Fractions, Decimals and Percentage Equivalence - 2 - Converting between Decimals and Percentages - 3 "
97,Maths - 0 - Geometry and Measure - 1 - Transformations - 2 - Translation and Vectors - 3 
98,Maths - 0 - Algebra - 1 - Straight Line Graphs - 2 - Solving Equations - 2 - Linear Equations - 3 - Graphical Solution of Simultaneous Equations - 3 
99,Maths - 0 - Geometry and Measure - 1 - Basic Trigonometry - 2 - Right-angled Triangles (SOHCAHTOA) - 3 
100,Maths - 0 - Data and Statistics - 1 - Probability - 2 - Experimental Probability and Relative Frequency - 3 
101,Maths - 0 - Geometry and Measure - 1 - Angles - 2 - Angles in Polygons - 3 
102,Maths - 0 - Algebra - 1 - Co-ordinates - 2 - Naming Co-ordinates in 2D - 3 
103,Maths - 0 - Algebra - 1 - Straight Line Graphs - 2 - Finding the Equation of a Line - 3 
104,Maths - 0 - Algebra - 1 - Sequences - 2 - Quadratic Sequences - 3 
105,Maths - 0 - Algebra - 1 - Factorising - 2 - Factorising into a Double Bracket - 3 
106,Maths - 0 - Number - 1 - Basic Arithmetic - 2 - Mental Addition and Subtraction - 3 
107,Maths - 0 - Geometry and Measure - 1 - Volume and Surface Area - 2 - Volume of Prisms - 3 
108,Maths - 0 - Geometry and Measure - 1 - Transformations - 2 - Reflection - 3 
109,Maths - 0 - Algebra - 1 - Straight Line Graphs - 2 - Horizontal and Vertical Lines - 3 
110,Maths - 0 - Geometry and Measure - 1 - Units of Measurement - 2 - Length Units - 3 
111,Maths - 0 - Geometry and Measure - 1 - Perimeter and Area - 2 - Missing Lengths - 3 
112,Maths - 0 - Number - 1 - Ratio - 2 - Find Missing Quantities - 3 
113,Maths - 0 - Number - 1 - Fractions - 2 - Dividing Fractions - 3 
114,Maths - 0 - Geometry and Measure - 1 - Units of Measurement - 2 - Time - 3 
115,Maths - 0 - Data and Statistics - 1 - Data Representation - 2 - Block Graphs and Bar Charts - 3 
116,Maths - 0 - Number - 1 - Money - 2 - Basic Money - 3 
117,Maths - 0 - Geometry and Measure - 1 - Units of Measurement - 2 - Area Units - 3 
118,Maths - 0 - Number - 1 - Basic Arithmetic - 2 - Written Addition - 3 
119,"Maths - 0 - Number - 1 - Factors, Multiples and Primes - 2 - Factors and Highest Common Factor - 3 - Multiples and Lowest Common Multiple - 3 "
120,Maths - 0 - Number - 1 - Basic Arithmetic - 2 - Written Division - 3 
121,Maths - 0 - Geometry and Measure - 1 - Units of Measurement - 2 - Weight Units - 3 
122,Maths - 0 - Number - 1 - Basic Arithmetic - 2 - Written Addition - 3 - Written Subtraction - 3 
123,"Maths - 0 - Number - 1 - Rounding and Estimating - 2 - Rounding to the Nearest Whole (10, 100, etc) - 3 "
124,Maths - 0 - Number - 1 - Basic Arithmetic - 2 - Written Subtraction - 3 
125,Maths - 0 - Number - 1 - Decimals - 2 - Adding and Subtracting with Decimals - 3 
126,"Maths - 0 - Number - 1 - Factors, Multiples and Primes - 2 - Factors and Highest Common Factor - 3 - Prime Numbers and Prime Factors - 3 "
127,Maths - 0 - Number - 1 - Ratio - 2 - Writing Ratios - 3 
128,"Maths - 0 - Number - 1 - Rounding and Estimating - 2 - Basic Arithmetic - 2 - Place Value - 3 - Rounding to the Nearest Whole (10, 100, etc) - 3 "
129,Maths - 0 - Number - 1 - Negative Numbers - 2 - Ordering Negative Numbers - 3 - Adding and Subtracting Negative Numbers - 3 - Multiplying and Dividing Negative Numbers - 3 
130,Maths - 0 - Number - 1 - Decimals - 2 - Rounding and Estimating - 2 - Rounding to Significant Figures - 3 - Multiplying and Dividing with Decimals - 3 
131,Maths - 0 - Number - 1 - Basic Arithmetic - 2 - Place Value - 3 - Mental Multiplication and Division - 3 
132,Maths - 0 - Number - 1 - Basic Arithmetic - 2 - BIDMAS - 3 - Mental Multiplication and Division - 3 
133,Maths - 0 - Number - 1 - Surds - 2 - Simplifying Surds - 3 - Operations with Surds - 3 
134,"Maths - 0 - Number - 1 - Factors, Multiples and Primes - 2 - Multiples and Lowest Common Multiple - 3 - Prime Numbers and Prime Factors - 3 "
135,"Maths - 0 - Number - 1 - Decimals - 2 - Rounding and Estimating - 2 - Rounding to the Nearest Whole (10, 100, etc) - 3 - Rounding to Decimal Places - 3 - Rounding to Significant Figures - 3 - Ordering Decimals - 3 "
136,Maths - 0 - Geometry and Measure - 1 - Basic Vectors - 2 - Add and Subtract Vectors - 3 - Vector Geometry - 3 
137,Maths - 0 - Number - 1 - Decimals - 2 - Ordering Decimals - 3 - Multiplying and Dividing with Decimals - 3 
138,"Maths - 0 - Number - 1 - Indices, Powers and Roots - 2 - Basic Arithmetic - 2 - BIDMAS - 3 - Squares, Cubes, etc - 3 "
139,"Maths - 0 - Number - 1 - Rounding and Estimating - 2 - Basic Arithmetic - 2 - Place Value - 3 - Rounding to the Nearest Whole (10, 100, etc) - 3 - Estimation - 3 "
140,Maths - 0 - Geometry and Measure - 1 - Basic Vectors - 2 - Vector Geometry - 3 
141,Maths - 0 - Algebra - 1 - Expanding Brackets - 2 - Expanding Triple Brackets and more - 3 
142,Maths - 0 - Algebra - 1 - Algebraic Fractions - 2 - Simplifying Algebraic Fractions - 3 
143,"Maths - 0 - Geometry and Measure - 1 - Similarity and Congruency - 2 - Length, Area and Volume Scale Factors - 3 "
144,Maths - 0 - Number - 1 - Surds - 2 - Simplifying Surds - 3 
145,Maths - 0 - Algebra - 1 - Straight Line Graphs - 2 - Graphical Solution of Simultaneous Equations - 3 
146,Maths - 0 - Geometry and Measure - 1 - Similarity and Congruency - 2 - Congruency in Triangles - 3 
147,Maths - 0 - Algebra - 1 - Straight Line Graphs - 2 - Perpendicular Lines - 3 
148,Maths - 0 - Number - 1 - Basic Arithmetic - 2 - Systematic Listing Strategies - 3 
149,Maths - 0 - Algebra - 1 - Quadratic Graphs - 2 - Sketching from Completing the Square Form - 3 
150,Maths - 0 - Data and Statistics - 1 - Data Representation - 2 - Histogram - 3 
151,Maths - 0 - Algebra - 1 - Solving Equations - 2 - Simultaneous Equations - 3 
152,Maths - 0 - Algebra - 1 - Other Graphs - 2 - Equation of a Circle - 3 
153,Maths - 0 - Algebra - 1 - Writing and Simplifying Expressions - 2 - Algebraic Proof - 3 
154,Maths - 0 - Algebra - 1 - Writing and Simplifying Expressions - 2 - Multiplying Terms - 3 
155,Maths - 0 - Algebra - 1 - Other Graphs - 2 - Cubics and Reciprocals - 3 
156,Maths - 0 - Data and Statistics - 1 - Probability - 2 - Probability with Venn Diagrams - 3 
157,Maths - 0 - Algebra - 1 - Other Graphs - 2 - Other Graphs-Others - 3 
158,Maths - 0 - Geometry and Measure - 1 - Similarity and Congruency - 2 - Length Scale Factors in Similar Shapes - 3 
159,Maths - 0 - Data and Statistics - 1 - Data Processing - 2 - Averages and Range from Frequency Table - 3 
160,Maths - 0 - Data and Statistics - 1 - Data Representation - 2 - Time Series and Line Graphs - 3 
161,Maths - 0 - Advanced Pure - 1 - Functions - 2 - Composite Functions - 3 
162,Maths - 0 - Geometry and Measure - 1 - Basic Trigonometry - 2 - Area of Non Right-angled Triangles - 3 
163,Maths - 0 - Algebra - 1 - Other Graphs - 2 - Graphs of Exponentials and Other Powers of x - 3 
164,Maths - 0 - Algebra - 1 - Other Graphs - 2 - Real Life Graphs - 3 
165,Maths - 0 - Algebra - 1 - Co-ordinates - 2 - Gradient Between Two Co-ordinates - 3 
166,Maths - 0 - Advanced Pure - 1 - Functions - 2 - Function Notation - 3 
167,Maths - 0 - Number - 1 - Negative Numbers - 2 - Adding and Subtracting Negative Numbers - 3 - Multiplying and Dividing Negative Numbers - 3 
168,Maths - 0 - Data and Statistics - 1 - Data Representation - 2 - Cumulative Frequency Diagram - 3 
169,Maths - 0 - Algebra - 1 - Straight Line Graphs - 2 - Co-ordinate Geometry with Straight Lines - 3 
170,Maths - 0 - Geometry and Measure - 1 - Compound Measures - 2 - Density - 3 
171,Maths - 0 - Data and Statistics - 1 - Data Representation - 2 - Frequency Trees - 3 
172,Maths - 0 - Geometry and Measure - 1 - Basic Trigonometry - 2 - Exact Values of Trigonometric Ratios - 3 
173,Maths - 0 - Data and Statistics - 1 - Data Processing - 2 - Range and Interquartile Range from a List of Data - 3 
174,Maths - 0 - Geometry and Measure - 1 - Angles - 2 - Circle Theorems - 3 
175,Maths - 0 - Algebra - 1 - Algebraic Fractions - 2 - Adding and Subtracting Algebraic Fractions - 3 
176,Maths - 0 - Geometry and Measure - 1 - Angles - 2 - Bearings - 3 
177,Maths - 0 - Algebra - 1 - Formula - 2 - Writing Formula - 3 
178,Maths - 0 - Geometry and Measure - 1 - Basic Trigonometry - 2 - Non Right-angled Triangles (Sine and Cosine Rules) - 3 
179,Maths - 0 - Geometry and Measure - 1 - Volume and Surface Area - 2 - Surface Area of Prisms - 3 
180,Maths - 0 - Algebra - 1 - Transformation of Functions - 2 - Transformation of Functions-Others - 3 
181,Maths - 0 - Geometry and Measure - 1 - Basic Vectors - 2 - Add and Subtract Vectors - 3 
182,Maths - 0 - Number - 1 - Proportion - 2 - Indirect (Inverse) Proportion - 3 
183,Maths - 0 - Advanced Pure - 1 - Functions - 2 - Inverse Functions - 3 
184,Maths - 0 - Algebra - 1 - Solving Equations - 2 - Quadratic Equations - 3 
185,Maths - 0 - Algebra - 1 - Factorising - 2 - Difference of Two Squares - 3 
186,Maths - 0 - Algebra - 1 - Inequalities - 2 - Solving Quadratic Inequalities - 3 
187,Maths - 0 - Algebra - 1 - Factorising - 2 - Completing the Square - 3 
188,Maths - 0 - Geometry and Measure - 1 - 3D Shapes - 2 - Names and Properties of 3D Shapes - 3 
189,Maths - 0 - Data and Statistics - 1 - Data Collection - 2 - Tally Charts - 3 
190,Maths - 0 - Data and Statistics - 1 - Data Representation - 2 - Probability - 2 - Venn Diagrams - 3 - Probability with Venn Diagrams - 3 
191,"Maths - 0 - Geometry and Measure - 1 - Construction, Loci and Scale Drawing - 2 - Loci Scenarios - 3 "
192,Maths - 0 - Data and Statistics - 1 - Data Representation - 2 - Venn Diagrams - 3 
193,Maths - 0 - Data and Statistics - 1 - Data Representation - 2 - Two Way Tables - 3 
194,Maths - 0 - Geometry and Measure - 1 - Similarity and Congruency - 2 - Congruency in Triangles - 3 - Congruency in Other Shapes - 3 
195,Maths - 0 - Data and Statistics - 1 - Data Representation - 2 - Pie Chart - 3 
196,Maths - 0 - Data and Statistics - 1 - Data Representation - 2 - Stem and Leaf Diagram - 3 
197,Maths - 0 - Geometry and Measure - 1 - Symmetry - 2 - Line Symmetry - 3 
198,Maths - 0 - Geometry and Measure - 1 - Angles - 2 - Measuring Angles - 3 
199,"Maths - 0 - Geometry and Measure - 1 - Construction, Loci and Scale Drawing - 2 - Construct Triangle - 3 "
200,Maths - 0 - Number - 1 - Ratio - 2 - Scale Drawing and Maps - 3 
201,Maths - 0 - Geometry and Measure - 1 - Similarity and Congruency - 2 - Transformations - 2 - Length Scale Factors in Similar Shapes - 3 - Enlargement - 3 
202,Maths - 0 - Geometry and Measure - 1 - Angles - 2 - Similarity and Congruency - 2 - Congruency in Triangles - 3 - Angles in Triangles - 3 
203,Maths - 0 - Geometry and Measure - 1 - Symmetry - 2 - Rotational Symmetry - 3 
204,"Maths - 0 - Geometry and Measure - 1 - Construction, Loci and Scale Drawing - 2 - Construct Angle and Line Bisectors - 3 "
205,Maths - 0 - Number - 1 - Calculator Use - 2 - Basic Calculator Use - 3 
206,"Maths - 0 - Geometry and Measure - 1 - Angles - 2 - Types, Naming and Estimating - 3 "
207,Maths - 0 - Geometry and Measure - 1 - 2D Names and Properties of Shapes - 2 - Properties of Polygons - 3 
208,Maths - 0 - Geometry and Measure - 1 - 2D Names and Properties of Shapes - 2 - Properties of Triangles - 3 
209,Maths - 0 - Geometry and Measure - 1 - Volume and Surface Area - 2 - Surface Area of Non-Prisms - 3 
210,Maths - 0 - Geometry and Measure - 1 - Angles - 2 - Similarity and Congruency - 2 - Length Scale Factors in Similar Shapes - 3 - Angle Facts with Parallel Lines - 3 
211,Maths - 0 - Number - 1 - Calculator Use - 2 - Advanced Calculator Use - 3 
212,Maths - 0 - Geometry and Measure - 1 - Volume and Surface Area - 2 - Volume of Non-Prisms - 3 
213,Maths - 0 - Geometry and Measure - 1 - Units of Measurement - 2 - Units of Measurement-Others - 3 
214,Maths - 0 - Geometry and Measure - 1 - Compound Measures - 2 - Pressure - 3 
215,Maths - 0 - Geometry and Measure - 1 - Perimeter and Area - 2 - Similarity and Congruency - 2 - Transformations - 2 - Perimeter - 3 - Length Scale Factors in Similar Shapes - 3 - Enlargement - 3 
216,Maths - 0 - Geometry and Measure - 1 - Units of Measurement - 2 - Temperature units - 3 
217,Maths - 0 - Algebra - 1 - Quadratic Graphs - 2 - Solving Equations - 2 - Quadratic Equations - 3 - Graphical Solution of Quadratic Equations - 3 
218,Maths - 0 - Algebra - 1 - Straight Line Graphs - 2 - Other Graphs - 2 - Equation of a Circle - 3 - Perpendicular Lines - 3 
219,Maths - 0 - Algebra - 1 - Solving Equations - 2 - Trial and Improvement and Iterative Methods - 3 
220,Maths - 0 - Algebra - 1 - Straight Line Graphs - 2 - Other Graphs - 2 - Equation of a Circle - 3 - Graphical Solution of Simultaneous Equations - 3 
221,"Maths - 0 - Data and Statistics - 1 - Data Processing - 2 - Averages (mean, median, mode) from a List of Data - 3 - Range and Interquartile Range from a List of Data - 3 "
222,Maths - 0 - Algebra - 1 - Writing and Simplifying Expressions - 2 - Expanding Brackets - 2 - Expanding Single Brackets - 3 - Simplifying Expressions by Collecting Like Terms - 3 
223,Maths - 0 - Geometry and Measure - 1 - Similarity and Congruency - 2 - Congruency in Other Shapes - 3 
224,Maths - 0 - Algebra - 1 - Other Graphs - 2 - Graphs of Trigonometric Functions - 3 
225,Maths - 0 - Geometry and Measure - 1 - 3D Shapes - 2 - Isometric Drawings - 3 
226,Maths - 0 - Number - 1 - Percentages - 2 - Repeated Percentages and Compound Interest - 3 
227,Maths - 0 - Algebra - 1 - Transformation of Functions - 2 - Other Graphs - 2 - Cubics and Reciprocals - 3 - Transformations of functions in the form y = - 3 
228,Maths - 0 - Number - 1 - Rounding and Estimating - 2 - Rounding to Significant Figures - 3 - Estimation - 3 
229,Maths - 0 - Algebra - 1 - Solving Equations - 2 - Function Machines - 3 
230,Maths - 0 - Data and Statistics - 1 - Data Processing - 2 - Interpreting and Comparing Data using Averages and Range - 3 
231,Maths - 0 - Algebra - 1 - Writing and Simplifying Expressions - 2 - Solving Equations - 2 - Linear Equations - 3 - Writing Expressions - 3 
232,"Maths - 0 - Science - 0 - Geometry and Measure - 1 - Physics - 1 - Compound Measures - 2 - Forces and Motion - 2 - Speed, Distance, Time - 3 - Speed and Distance-Time graphs - 3 "
233,Maths - 0 - Number - 1 - Algebra - 1 - Other Graphs - 2 - Money - 2 - Real Life Graphs - 3 - Currency Conversions - 3 
234,Maths - 0 - Algebra - 1 - Solving Equations - 2 - Linear Equations - 3 - Function Machines - 3 
235,"Maths - 0 - Number - 1 - Geometry and Measure - 1 - Ratio - 2 - Construction, Loci and Scale Drawing - 2 - Units of Measurement - 2 - Length Units - 3 - Construction, Loci and Scale Drawing-Others - 3 - Scale Drawing and Maps - 3 "
236,Maths - 0 - Algebra - 1 - Geometry and Measure - 1 - Writing and Simplifying Expressions - 2 - Factorising - 2 - Perimeter and Area - 2 - Factorising into a Single Bracket - 3 - Writing Expressions - 3 - Perimeter - 3 
237,Maths - 0 - Geometry and Measure - 1 - Perimeter and Area - 2 - Area of Simple Shapes - 3 - Perimeter - 3 
238,Maths - 0 - Number - 1 - Rounding and Estimating - 2 - Estimation - 3 
239,Maths - 0 - Algebra - 1 - Writing and Simplifying Expressions - 2 - Solving Equations - 2 - Linear Equations - 3 - Simplifying Expressions by Collecting Like Terms - 3 
240,Maths - 0 - Algebra - 1 - Writing and Simplifying Expressions - 2 - Writing Expressions - 3 - Simplifying Expressions by Collecting Like Terms - 3 
241,Maths - 0 - Number - 1 - Decimals - 2 - Fractions - 2 - Multiplying and Dividing with Decimals - 3 - Fractions of an Amount - 3 - Multiplying Fractions - 3 - Dividing Fractions - 3 
242,Maths - 0 - Algebra - 1 - Formula - 2 - Rearranging Formula and Equations - 3 - Substitution into Formula - 3 
243,Maths - 0 - Number - 1 - Algebra - 1 - Basic Arithmetic - 2 - Formula - 2 - BIDMAS - 3 - Substitution into Formula - 3 
244,"Maths - 0 - Number - 1 - Fractions, Decimals and Percentage Equivalence - 2 - Recurring Decimals to Fractions - 3 "
245,Maths - 0 - Algebra - 1 - Geometry and Measure - 1 - Solving Equations - 2 - Formula - 2 - 2D Names and Properties of Shapes - 2 - Linear Equations - 3 - Substitution into Formula - 3 - Properties of Triangles - 3 
246,Maths - 0 - Algebra - 1 - Writing and Simplifying Expressions - 2 - Algebraic Fractions - 2 - Dividing Terms - 3 - Simplifying Algebraic Fractions - 3 
247,"Maths - 0 - Number - 1 - Rounding and Estimating - 2 - Basic Arithmetic - 2 - Mental Multiplication and Division - 3 - Rounding to the Nearest Whole (10, 100, etc) - 3 - Estimation - 3 "
248,Maths - 0 - Number - 1 - Surds - 2 - Rationalising the Denominator - 3 
249,Maths - 0 - Number - 1 - Surds - 2 - Operations with Surds - 3 
250,Maths - 0 - Geometry and Measure - 1 - Pythagoras - 2 - 3D Pythagoras - 3 
251,Maths - 0 - Number - 1 - Percentages - 2 - Reverse Percentages (Original Amount) - 3 
252,"Maths - 0 - Number - 1 - Decimals - 2 - Fractions, Decimals and Percentage Equivalence - 2 - Percentages - 2 - Multiplying and Dividing with Decimals - 3 - Percentages of an Amount - 3 - Percentage Increase and Decrease - 3 - Converting between Decimals and Percentages - 3 "
253,"Maths - 0 - Number - 1 - Indices, Powers and Roots - 2 - Basic Arithmetic - 2 - Mental Addition and Subtraction - 3 - Squares, Cubes, etc - 3 "
254,"Maths - 0 - Number - 1 - Algebra - 1 - Indices, Powers and Roots - 2 - Writing and Simplifying Expressions - 2 - Laws of Indices - 3 - Multiplying Terms - 3 - Dividing Terms - 3 "
255,Maths - 0 - Number - 1 - Fractions - 2 - Negative Numbers - 2 - Multiplying and Dividing Negative Numbers - 3 - Simplifying Fractions - 3 
256,Maths - 0 - Number - 1 - Surds - 2 - Operations with Surds - 3 - Rationalising the Denominator - 3 
257,Maths - 0 - Number - 1 - Ratio - 2 - Best Value - 3 
258,Maths - 0 - Number - 1 - Negative Numbers - 2 - Basic Arithmetic - 2 - Mental Addition and Subtraction - 3 - Adding and Subtracting Negative Numbers - 3 
259,"Maths - 0 - Number - 1 - Fractions, Decimals and Percentage Equivalence - 2 - Fractions - 2 - Adding and Subtracting Fractions - 3 - Converting between Fractions and Decimals - 3 "
260,Maths - 0 - Number - 1 - Fractions - 2 - Adding and Subtracting Fractions - 3 - Dividing Fractions - 3 
261,Maths - 0 - Algebra - 1 - Geometry and Measure - 1 - Straight Line Graphs - 2 - Transformations - 2 - Reflection - 3 - Plotting Lines from Tables of Values - 3 
262,Maths - 0 - Geometry and Measure - 1 - Circles - 2 - Circumference - 3 - Area of a Circle - 3 
263,Maths - 0 - Algebra - 1 - Inequalities - 2 - Graphing Linear Inequalities (Shading Regions) - 3 
264,Maths - 0 - Geometry and Measure - 1 - Perimeter and Area - 2 - Perimeter - 3 - Missing Lengths - 3 
265,Maths - 0 - Geometry and Measure - 1 - 2D Names and Properties of Shapes - 2 - Similarity and Congruency - 2 - Congruency in Triangles - 3 - Properties of Quadrilaterals - 3 
266,Maths - 0 - Algebra - 1 - Straight Line Graphs - 2 - Perpendicular Lines - 3 - Co-ordinate Geometry with Straight Lines - 3 
267,Maths - 0 - Geometry and Measure - 1 - 2D Names and Properties of Shapes - 2 - Perimeter and Area - 2 - Perimeter - 3 - Properties of Triangles - 3 
268,Maths - 0 - Algebra - 1 - Algebraic Fractions - 2 - Multiplying and Dividing Algebraic Fractions - 3 
269,Maths - 0 - Geometry and Measure - 1 - Circles - 2 - Circumference - 3 - Sectors of a Circle - 3 
270,Maths - 0 - Number - 1 - Rounding and Estimating - 2 - Upper and Lower Bounds - 3 - Rounding to Decimal Places - 3 
271,"Maths - 0 - Number - 1 - Fractions, Decimals and Percentage Equivalence - 2 - Fractions - 2 - Basic Arithmetic - 2 - Place Value - 3 - Simplifying Fractions - 3 - Converting between Fractions and Decimals - 3 "
272,Maths - 0 - Geometry and Measure - 1 - Volume and Surface Area - 2 - Pythagoras - 2 - 3D Pythagoras - 3 - Volume of Non-Prisms - 3 
273,"Maths - 0 - Number - 1 - Factors, Multiples and Primes - 2 - Basic Arithmetic - 2 - Mental Multiplication and Division - 3 - Factors and Highest Common Factor - 3 - Prime Numbers and Prime Factors - 3 "
274,"Maths - 0 - Geometry and Measure - 1 - Angles - 2 - Basic Angle Facts (straight line, opposite, around a point, etc) - 3 - Angle Facts with Parallel Lines - 3 "
275,Maths - 0 - Algebra - 1 - Geometry and Measure - 1 - Volume and Surface Area - 2 - Formula - 2 - Rearranging Formula and Equations - 3 - Volume of Non-Prisms - 3 
276,"Maths - 0 - Number - 1 - Indices, Powers and Roots - 2 - Basic Arithmetic - 2 - Place Value - 3 - Squares, Cubes, etc - 3 "
277,Maths - 0 - Geometry and Measure - 1 - Perimeter and Area - 2 - Pythagoras - 2 - Perimeter - 3 - 2D Pythagoras - 3 
278,Maths - 0 - Number - 1 - Surds - 2 - Simplifying Surds - 3 - Operations with Surds - 3 - Rationalising the Denominator - 3 
279,"Maths - 0 - Number - 1 - Indices, Powers and Roots - 2 - Squares, Cubes, etc - 3 - Square Roots, Cube Roots, etc - 3 - Laws of Indices - 3 "
280,"Maths - 0 - Data and Statistics - 1 - Data Processing - 2 - Data Representation - 2 - Averages (mean, median, mode) from a List of Data - 3 - Block Graphs and Bar Charts - 3 "
281,"Maths - 0 - Number - 1 - Decimals - 2 - Fractions, Decimals and Percentage Equivalence - 2 - Fractions - 2 - Adding and Subtracting with Decimals - 3 - Adding and Subtracting Fractions - 3 - Converting between Fractions and Decimals - 3 "
282,Maths - 0 - Geometry and Measure - 1 - Transformations - 2 - Combined Transformations - 3 
283,Maths - 0 - Number - 1 - Algebra - 1 - Ratio - 2 - Co-ordinates - 2 - Sharing in a Ratio - 3 - Midpoint Between Two Co-ordinates - 3 
284,Maths - 0 - Algebra - 1 - Straight Line Graphs - 2 - Solving Equations - 2 - Simultaneous Equations - 3 - Graphical Solution of Simultaneous Equations - 3 
285,Maths - 0 - Number - 1 - Fractions - 2 - Adding and Subtracting Fractions - 3 - Multiplying Fractions - 3 
286,Maths - 0 - Number - 1 - Algebra - 1 - Decimals - 2 - Fractions - 2 - Percentages - 2 - Inequalities - 2 - Inequalities on Number Lines - 3 - Ordering Decimals - 3 - Adding and Subtracting Fractions - 3 - Percentages of an Amount - 3 
287,Maths - 0 - Geometry and Measure - 1 - Basic Vectors - 2 - Transformations - 2 - Translation and Vectors - 3 - Basic Vectors-Others - 3 
288,Maths - 0 - Algebra - 1 - Quadratic Graphs - 2 - Transformation of Functions - 2 - Transformations of functions in the form y = - 3 - Sketching from Factorised Form - 3 
289,Maths - 0 - Number - 1 - Algebra - 1 - Inequalities - 2 - Basic Arithmetic - 2 - Inequalities on Number Lines - 3 - Mental Addition and Subtraction - 3 - Mental Multiplication and Division - 3 
290,"Maths - 0 - Number - 1 - Geometry and Measure - 1 - Ratio - 2 - Construction, Loci and Scale Drawing - 2 - Similarity and Congruency - 2 - Length, Area and Volume Scale Factors - 3 - Construction, Loci and Scale Drawing-Others - 3 - Scale Drawing and Maps - 3 "
291,"Maths - 0 - Number - 1 - Fractions, Decimals and Percentage Equivalence - 2 - Fractions - 2 - Ordering Fractions - 3 - Converting between Fractions and Decimals - 3 "
292,Maths - 0 - Number - 1 - Data and Statistics - 1 - Fractions - 2 - Probability - 2 - Probability of Single Events - 3 - Adding and Subtracting Fractions - 3 
293,"Maths - 0 - Number - 1 - Fractions, Decimals and Percentage Equivalence - 2 - Negative Numbers - 2 - Ordering Negative Numbers - 3 - Converting between Fractions and Decimals - 3 "
294,Maths - 0 - Number - 1 - Geometry and Measure - 1 - Proportion - 2 - Units of Measurement - 2 - Length Units - 3 - Direct Proportion - 3 
295,"Maths - 0 - Number - 1 - Geometry and Measure - 1 - Ratio - 2 - Construction, Loci and Scale Drawing - 2 - Similarity and Congruency - 2 - Length Scale Factors in Similar Shapes - 3 - Construction, Loci and Scale Drawing-Others - 3 - Scale Drawing and Maps - 3 "
296,"Maths - 0 - Number - 1 - Fractions, Decimals and Percentage Equivalence - 2 - Percentages - 2 - Percentages of an Amount - 3 - Converting between Fractions and Percentages - 3 "
297,Maths - 0 - Algebra - 1 - Geometry and Measure - 1 - Angles - 2 - Solving Equations - 2 - Linear Equations - 3 - Angle Facts with Parallel Lines - 3 
298,"Maths - 0 - Number - 1 - Geometry and Measure - 1 - Ratio - 2 - Construction, Loci and Scale Drawing - 2 - Construction, Loci and Scale Drawing-Others - 3 - Scale Drawing and Maps - 3 "
299,Maths - 0 - Geometry and Measure - 1 - Symmetry - 2 - 2D Names and Properties of Shapes - 2 - Properties of Polygons - 3 - Line Symmetry - 3 
300,Maths - 0 - Geometry and Measure - 1 - 2D Names and Properties of Shapes - 2 - Properties of Polygons - 3 - Properties of Quadrilaterals - 3 
301,Maths - 0 - Number - 1 - Geometry and Measure - 1 - Fractions - 2 - Proportion - 2 - Units of Measurement - 2 - Volume and Capacity Units - 3 - Fractions of an Amount - 3 - Direct Proportion - 3 
302,"Maths - 0 - Number - 1 - Fractions, Decimals and Percentage Equivalence - 2 - Basic Arithmetic - 2 - Place Value - 3 - Converting between Fractions and Decimals - 3 "
303,Maths - 0 - Number - 1 - Negative Numbers - 2 - Basic Arithmetic - 2 - Place Value - 3 - Ordering Negative Numbers - 3 
304,Maths - 0 - Geometry and Measure - 1 - Similarity and Congruency - 2 - Similarity and Congruency-Others - 3 
305,"Maths - 0 - Algebra - 1 - Geometry and Measure - 1 - Compound Measures - 2 - Other Graphs - 2 - Real Life Graphs - 3 - Speed, Distance, Time - 3 "
306,Maths - 0 - Algebra - 1 - Sequences - 2 - Linear Sequences (nth term) - 3 - Other Sequences - 3 
307,Maths - 0 - Geometry and Measure - 1 - Symmetry - 2 - 2D Names and Properties of Shapes - 2 - Properties of Polygons - 3 - Rotational Symmetry - 3 
308,Maths - 0 - Number - 1 - Decimals - 2 - Negative Numbers - 2 - Ordering Negative Numbers - 3 - Ordering Decimals - 3 
309,Maths - 0 - Number - 1 - Fractions - 2 - Basic Arithmetic - 2 - Place Value - 3 - Simplifying Fractions - 3 
310,"Maths - 0 - Geometry and Measure - 1 - Compound Measures - 2 - Units of Measurement - 2 - Length Units - 3 - Speed, Distance, Time - 3 "
311,Maths - 0 - Algebra - 1 - Quadratic Graphs - 2 - Transformation of Functions - 2 - Transformations of functions in the form y = - 3 - Quadratic Graphs-Others - 3 
312,"Maths - 0 - Geometry and Measure - 1 - Angles - 2 - Basic Angle Facts (straight line, opposite, around a point, etc) - 3 - Angles in Polygons - 3 "
313,Maths - 0 - Algebra - 1 - Straight Line Graphs - 2 - Parallel Lines - 3 
314,Maths - 0 - Geometry and Measure - 1 - Basic Trigonometry - 2 - Pythagoras - 2 - 2D Pythagoras - 3 - Right-angled Triangles (SOHCAHTOA) - 3 
315,"Maths - 0 - Number - 1 - Algebra - 1 - Indices, Powers and Roots - 2 - Writing and Simplifying Expressions - 2 - Laws of Indices - 3 - Simplifying Expressions by Collecting Like Terms - 3 "
316,Maths - 0 - Algebra - 1 - Writing and Simplifying Expressions - 2 - Writing Expressions - 3 - Simplifying Expressions by Collecting Like Terms - 3 - Dividing Terms - 3 
317,"Maths - 0 - Number - 1 - Algebra - 1 - Indices, Powers and Roots - 2 - Writing and Simplifying Expressions - 2 - Writing Expressions - 3 - Laws of Indices - 3 - Simplifying Expressions by Collecting Like Terms - 3 "
318,Maths - 0 - Number - 1 - Proportion - 2 - Ratio - 2 - Direct Proportion - 3 - Scale Drawing and Maps - 3 
319,"Maths - 0 - Number - 1 - Fractions, Decimals and Percentage Equivalence - 2 - Fractions - 2 - Negative Numbers - 2 - Ordering Negative Numbers - 3 - Equivalent Fractions - 3 - Converting between Decimals and Percentages - 3 "
320,"Maths - 0 - Number - 1 - Algebra - 1 - Indices, Powers and Roots - 2 - Writing and Simplifying Expressions - 2 - Laws of Indices - 3 - Simplifying Expressions by Collecting Like Terms - 3 - Multiplying Terms - 3 "
321,Maths - 0 - Number - 1 - Rounding and Estimating - 2 - Rounding to Decimal Places - 3 - Rounding to Significant Figures - 3 
322,Maths - 0 - Number - 1 - Basic Arithmetic - 2 - Roman Numerals - 3 
323,Maths - 0 - Data and Statistics - 1 - Data Processing - 2 - Sampling and Bias - 3 
324,Maths - 0 - Data and Statistics - 1 - Data Representation - 2 - Frequency Diagram and Frequency Polygon - 3 
325,Maths - 0 - Data and Statistics - 1 - Data Representation - 2 - Cumulative Frequency Diagram - 3 - Histogram - 3 - Pie Chart - 3 - Stem and Leaf Diagram - 3 
326,Maths - 0 - Data and Statistics - 1 - Data Processing - 2 - Data Representation - 2 - Block Graphs and Bar Charts - 3 - Averages and Range from Frequency Table - 3 
327,Maths - 0 - Geometry and Measure - 1 - Symmetry - 2 - 3D Plane Symmetry - 3 
328,Maths - 0 - Number - 1 - Geometry and Measure - 1 - Ratio - 2 - Units of Measurement - 2 - Weight Units - 3 - Simplifying and Equivalent Ratios - 3 
329,Maths - 0 - Geometry and Measure - 1 - Units of Measurement - 2 - Volume and Surface Area - 2 - Volume of Prisms - 3 - Length Units - 3 
330,Maths - 0 - Number - 1 - Geometry and Measure - 1 - Ratio - 2 - Perimeter and Area - 2 - Area of Simple Shapes - 3 - Simplifying and Equivalent Ratios - 3 
331,"Maths - 0 - Data and Statistics - 1 - Data Processing - 2 - Data Representation - 2 - Averages (mean, median, mode) from a List of Data - 3 - Stem and Leaf Diagram - 3 "
332,Maths - 0 - Algebra - 1 - Straight Line Graphs - 2 - Quadratic Graphs - 2 - Horizontal and Vertical Lines - 3 - Sketching from Factorised Form - 3 
333,Maths - 0 - Geometry and Measure - 1 - Basic Vectors - 2 - Transformations - 2 - Translation and Vectors - 3 - Vector Geometry - 3 
334,Maths - 0 - Algebra - 1 - Transformation of Functions - 2 - Other Graphs - 2 - Graphs of Trigonometric Functions - 3 - Transformations of functions in the form f(x) - 3 
335,Maths - 0 - Algebra - 1 - Transformation of Functions - 2 - Other Graphs - 2 - Graphs of Trigonometric Functions - 3 - Transformations of functions in the form y = - 3 
336,Maths - 0 - Algebra - 1 - Algebraic Fractions - 2 - Solving Equations with Algebraic Fractions - 3 
337,Maths - 0 - Geometry and Measure - 1 - Volume and Surface Area - 2 - Volume of Prisms - 3 - Volume of Non-Prisms - 3 
338,Maths - 0 - Algebra - 1 - Geometry and Measure - 1 - Co-ordinates - 2 - Pythagoras - 2 - 2D Pythagoras - 3 - Distance Between Two Co-ordinates - 3 
339,Maths - 0 - Geometry and Measure - 1 - Basic Vectors - 2 - Transformations - 2 - Translation and Vectors - 3 - Add and Subtract Vectors - 3 
340,Maths - 0 - Geometry and Measure - 1 - Units of Measurement - 2 - Length Units - 3 - Weight Units - 3 - Time - 3 
341,Maths - 0 - Number - 1 - Fractions - 2 - Fractions of an Amount - 3 - Simplifying Fractions - 3 
342,Maths - 0 - Geometry and Measure - 1 - Circles - 2 - Perimeter and Area - 2 - Area of Simple Shapes - 3 - Area of a Circle - 3 
343,Maths - 0 - Geometry and Measure - 1 - Compound Measures - 2 - Units of Measurement - 2 - Temperature units - 3 - Compound Measures-Others - 3 
344,Maths - 0 - Algebra - 1 - Factorising - 2 - Algebraic Fractions - 2 - Factorising into a Double Bracket - 3 - Simplifying Algebraic Fractions - 3 
345,Maths - 0 - Geometry and Measure - 1 - Compound Measures - 2 - Units of Measurement - 2 - Density - 3 - Units of Measurement-Others - 3 - Pressure - 3 
346,Maths - 0 - Algebra - 1 - Transformation of Functions - 2 - Transformations of functions in the form y = - 3 
347,"Maths - 0 - Geometry and Measure - 1 - Similarity and Congruency - 2 - Length Scale Factors in Similar Shapes - 3 - Length, Area and Volume Scale Factors - 3 "
348,Maths - 0 - Geometry and Measure - 1 - Volume and Surface Area - 2 - 3D Shapes - 2 - Surface Area of Prisms - 3 - Isometric Drawings - 3 
349,Maths - 0 - Data and Statistics - 1 - Data Processing - 2 - Data Representation - 2 - Box Plots - 3 - Range and Interquartile Range from a List of Data - 3 
350,Maths - 0 - Number - 1 - Geometry and Measure - 1 - Percentages - 2 - Units of Measurement - 2 - Time - 3 - Percentages of an Amount - 3 
351,Maths - 0 - Geometry and Measure - 1 - Transformations - 2 - Reflection - 3 - Rotation - 3 - Enlargement - 3 - Translation and Vectors - 3 
352,Maths - 0 - Algebra - 1 - Expanding Brackets - 2 - Formula - 2 - Expanding Single Brackets - 3 - Substitution into Formula - 3 
353,Maths - 0 - Data and Statistics - 1 - Probability - 2 - Tree Diagrams with Dependent Events - 3 - Combined Events - 3 
354,Maths - 0 - Number - 1 - Geometry and Measure - 1 - Units of Measurement - 2 - Basic Arithmetic - 2 - Weight Units - 3 - Place Value - 3 
355,Maths - 0 - Geometry and Measure - 1 - Volume and Surface Area - 2 - 3D Shapes - 2 - Plans and Elevations - 3 - Volume of Prisms - 3 
356,Maths - 0 - Number - 1 - Geometry and Measure - 1 - Proportion - 2 - Units of Measurement - 2 - Weight Units - 3 - Direct Proportion - 3 
357,Maths - 0 - Algebra - 1 - Writing and Simplifying Expressions - 2 - Formula - 2 - Writing Expressions - 3 - Writing Formula - 3 
358,Maths - 0 - Algebra - 1 - Straight Line Graphs - 2 - Gradient as change in y over change in x - 3 
359,Maths - 0 - Algebra - 1 - Straight Line Graphs - 2 - Finding the Equation of a Line - 3 - Gradient as change in y over change in x - 3 
360,Maths - 0 - Number - 1 - Algebra - 1 - Decimals - 2 - Negative Numbers - 2 - Inequalities - 2 - Inequalities on Number Lines - 3 - Ordering Negative Numbers - 3 - Ordering Decimals - 3 
361,Maths - 0 - Geometry and Measure - 1 - Basic Trigonometry - 2 - 3D Trigonometry - 3 
362,Maths - 0 - Data and Statistics - 1 - Probability - 2 - Probability of Single Events - 3 - Combined Events - 3 
363,Maths - 0 - Algebra - 1 - Straight Line Graphs - 2 - Parallel Lines - 3 - Perpendicular Lines - 3 
364,Maths - 0 - Algebra - 1 - Transformation of Functions - 2 - Transformations of functions in the form f(x) - 3 
365,Maths - 0 - Number - 1 - Basic Arithmetic - 2 - Counting - 3 
366,Maths - 0 - Number - 1 - Fractions - 2 - Multiplying Fractions - 3 - Dividing Fractions - 3 
367,Maths - 0 - Geometry and Measure - 1 - Volume and Surface Area - 2 - Volume and Surface Area-Others - 3 
368,Maths - 0 - Geometry and Measure - 1 - Volume and Surface Area - 2 - Surface Area of Prisms - 3 - Volume and Surface Area-Others - 3 
369,"Maths - 0 - Algebra - 1 - Geometry and Measure - 1 - Other Graphs - 2 - Similarity and Congruency - 2 - Equation of a Circle - 3 - Length, Area and Volume Scale Factors - 3 "
370,Maths - 0 - Number - 1 - Proportion - 2 - Direct Proportion - 3 - Indirect (Inverse) Proportion - 3 
371,Maths - 0 - Algebra - 1 - Straight Line Graphs - 2 - Co-ordinates - 2 - Gradient as change in y over change in x - 3 - Gradient Between Two Co-ordinates - 3 
372,"Maths - 0 - Number - 1 - Data and Statistics - 1 - Indices, Powers and Roots - 2 - Data Processing - 2 - Standard Form - 3 - Averages (mean, median, mode) from a List of Data - 3 "
373,Maths - 0 - Geometry and Measure - 1 - Volume and Surface Area - 2 - 3D Shapes - 2 - Isometric Drawings - 3 - Surface Area of Non-Prisms - 3 
374,Maths - 0 - Geometry and Measure - 1 - 2D Names and Properties of Shapes - 2 - 2D Names and Properties of Shapes-Others - 3 
375,Maths - 0 - Number - 1 - Percentages - 2 - Money - 2 - Basic Money - 3 - Percentage Increase and Decrease - 3 
376,Maths - 0 - Number - 1 - Data and Statistics - 1 - Basic Arithmetic - 2 - Probability - 2 - Combined Events - 3 - Systematic Listing Strategies - 3 
377,Maths - 0 - Algebra - 1 - Geometry and Measure - 1 - Co-ordinates - 2 - 2D Names and Properties of Shapes - 2 - Properties of Quadrilaterals - 3 - Naming Co-ordinates in 2D - 3 
378,Maths - 0 - Number - 1 - Percentages - 2 - Money - 2 - Basic Money - 3 - Percentages of an Amount - 3 
379,Maths - 0 - Number - 1 - Geometry and Measure - 1 - Percentages - 2 - Units of Measurement - 2 - Length Units - 3 - Percentages of an Amount - 3 
380,Maths - 0 - Number - 1 - Percentages - 2 - Money - 2 - Basic Money - 3 - Repeated Percentages and Compound Interest - 3 
381,Maths - 0 - Geometry and Measure - 1 - Angles - 2 - 2D Names and Properties of Shapes - 2 - Properties of Triangles - 3 - Angles in Triangles - 3 
382,"Maths - 0 - Number - 1 - Decimals - 2 - Fractions, Decimals and Percentage Equivalence - 2 - Percentages - 2 - Multiplying and Dividing with Decimals - 3 - Percentage Increase and Decrease - 3 - Converting between Decimals and Percentages - 3 "
383,Maths - 0 - Geometry and Measure - 1 - Volume and Surface Area - 2 - Perimeter and Area - 2 - Compound Area - 3 - Volume of Prisms - 3 
384,Maths - 0 - Algebra - 1 - Straight Line Graphs - 2 - Other Graphs - 2 - Real Life Graphs - 3 - Gradient as change in y over change in x - 3 
385,Maths - 0 - Algebra - 1 - Geometry and Measure - 1 - Formula - 2 - Perimeter and Area - 2 - Substitution into Formula - 3 - Area of Simple Shapes - 3 
386,Maths - 0 - Number - 1 - Algebra - 1 - Proportion - 2 - Other Graphs - 2 - Real Life Graphs - 3 - Indirect (Inverse) Proportion - 3 
387,Maths - 0 - Geometry and Measure - 1 - 3D Shapes - 2 - 3D Shapes-Others - 3 
388,Maths - 0 - Number - 1 - Algebra - 1 - Rounding and Estimating - 2 - Solving Equations - 2 - Trial and Improvement and Iterative Methods - 3 - Rounding to Significant Figures - 3 
389,Maths - 0 - Algebra - 1 - Solving Equations - 2 - Solving Other Powers of x - 3 
390,Maths - 0 - Algebra - 1 - Writing and Simplifying Expressions - 2 - Solving Equations - 2 - Linear Equations - 3 - Writing Expressions - 3 - Simplifying Expressions by Collecting Like Terms - 3 - Multiplying Terms - 3 
391,Maths - 0 - Number - 1 - Ratio - 2 - Simplifying and Equivalent Ratios - 3 - Writing Ratios - 3 
392,Maths - 0 - Number - 1 - Geometry and Measure - 1 - Rounding and Estimating - 2 - Perimeter and Area - 2 - Area of Simple Shapes - 3 - Rounding to Significant Figures - 3 
393,Maths - 0 - Geometry and Measure - 1 - Units of Measurement - 2 - Perimeter and Area - 2 - Perimeter - 3 - Length Units - 3 
394,Maths - 0 - Geometry and Measure - 1 - Symmetry - 2 - Symmetry-Others - 3 
395,Maths - 0 - Geometry and Measure - 1 - Angles - 2 - 2D Names and Properties of Shapes - 2 - Properties of Quadrilaterals - 3 - Angles in Polygons - 3 
396,Maths - 0 - Number - 1 - Geometry and Measure - 1 - Units of Measurement - 2 - Basic Arithmetic - 2 - Temperature units - 3 - Place Value - 3 
397,Maths - 0 - Number - 1 - Decimals - 2 - Fractions - 2 - Basic Arithmetic - 2 - Mental Addition and Subtraction - 3 - Mental Multiplication and Division - 3 - Ordering Decimals - 3 - Ordering Fractions - 3 
398,Maths - 0 - Geometry and Measure - 1 - Transformations - 2 - Reflection - 3 - Translation and Vectors - 3 
399,Maths - 0 - Algebra - 1 - Expanding Brackets - 2 - Solving Equations - 2 - Expanding Single Brackets - 3 - Linear Equations - 3 
400,Maths - 0 - Number - 1 - Algebra - 1 - Writing and Simplifying Expressions - 2 - Basic Arithmetic - 2 - Solving Equations - 2 - BIDMAS - 3 - Linear Equations - 3 - Writing Expressions - 3 
401,Maths - 0 - Algebra - 1 - Geometry and Measure - 1 - Solving Equations - 2 - 2D Names and Properties of Shapes - 2 - Perimeter and Area - 2 - Linear Equations - 3 - Area of Simple Shapes - 3 - Properties of Quadrilaterals - 3 
402,Maths - 0 - Algebra - 1 - Straight Line Graphs - 2 - Finding the Gradient and Intercept of a Line from the Equation - 3 - Perpendicular Lines - 3 
403,Maths - 0 - Number - 1 - Fractions - 2 - Basic Arithmetic - 2 - BIDMAS - 3 - Adding and Subtracting Fractions - 3 - Multiplying Fractions - 3 
404,Maths - 0 - Algebra - 1 - Solving Equations - 2 - Formula - 2 - Quadratic Equations - 3 - Substitution into Formula - 3 
405,Maths - 0 - Number - 1 - Fractions - 2 - Adding and Subtracting Fractions - 3 - Multiplying Fractions - 3 - Dividing Fractions - 3 
406,Maths - 0 - Algebra - 1 - Co-ordinates - 2 - Co-ordinates-Others - 3 
407,Maths - 0 - Algebra - 1 - Writing and Simplifying Expressions - 2 - Writing and Simplifying Expressions-Others - 3 
408,Maths - 0 - Number - 1 - Decimals - 2 - Basic Arithmetic - 2 - Place Value - 3 - Multiplying and Dividing with Decimals - 3 
409,Maths - 0 - Algebra - 1 - Straight Line Graphs - 2 - Solving Equations - 2 - Other Graphs - 2 - Simultaneous Equations - 3 - Equation of a Circle - 3 - Graphical Solution of Simultaneous Equations - 3 
410,Maths - 0 - Data and Statistics - 1 - Data Representation - 2 - Two Way Tables - 3 - Venn Diagrams - 3 
411,"Maths - 0 - Number - 1 - Data and Statistics - 1 - Indices, Powers and Roots - 2 - Data Processing - 2 - Standard Form - 3 - Interpreting and Comparing Data using Averages and Range - 3 "
412,"Maths - 0 - Number - 1 - Factors, Multiples and Primes - 2 - Factors and Highest Common Factor - 3 - Multiples and Lowest Common Multiple - 3 - Prime Numbers and Prime Factors - 3 "
